33.462643,-116.076942,
52.280861,-113.811508,
45.867355,-66.538841,
51.093708,-114.036728,
52.304897,-113.810562,
55.170708,-118.810768,
51.052399,-113.994141,
55.350231,-118.785988,
53.567455,-113.633987,
53.578445,-113.457184,
53.457642,-113.513023,
53.566437,-113.476852,
51.062466,-114.055740,
51.073479,-114.003670,
53.560764,-113.579300,
51.088711,-114.034302,
51.022812,-113.958412,
51.087292,-113.994843,
51.079636,-114.008316,
53.511139,-113.497383,
49.705608,-112.799629,
49.182358,-122.556870,
49.171856,-122.665276,
49.148167,-122.860611,
49.175484,-122.890274,
49.124798,-122.845390,
49.212524,-122.662018,
49.144699,-122.867477,
49.106052,-121.961319,
49.119114,-122.817146,
49.202492,-122.879524,
49.263680,-123.100838,
49.107754,-122.658195,
49.176979,-122.702827,
49.057972,-122.469109,
49.130848,-122.306793,
49.221336,-122.664795,
49.104473,-122.687546,
49.114376,-122.680641,
26.986990,-82.095177,
49.057026,-122.433746,
49.221931,-122.996895,
49.110687,-122.672539,
49.218758,-122.653374,
49.145111,-122.001228,
49.049644,-122.289040,
49.151600,-122.868042,
49.118935,-122.665291,
49.231522,-122.884613,
48.914539,-123.565659,
48.695293,-123.591789,
49.308685,-124.323708,
49.682926,-125.003220,
48.768501,-123.704018,
48.768501,-123.704018,
49.676231,-125.005043,
48.768482,-123.700935,
48.806606,-123.713493,
49.289490,-124.359291,
50.032997,-125.273109,
48.914940,-123.745789,
49.682926,-125.003220,
49.212990,-124.028015,
48.449577,-123.384918,
49.159737,-123.934135,
49.185444,-123.984085,
48.445816,-123.466820,
25.645674,-80.412003,
49.305847,-124.357819,
48.438164,-123.358864,
49.181358,-123.978424,
50.329128,-119.181923,
49.859360,-119.592880,
53.914513,-122.737175,
53.970985,-122.567711,
49.536785,-117.428314,
49.480061,-119.586624,
50.660564,-120.361595,
49.901131,-119.409111,
50.260502,-119.279457,
49.028461,-118.460060,
49.861252,-119.589478,
50.557945,-119.141563,
49.097878,-117.680389,
49.531906,-115.035713,
52.123180,-122.065498,
51.646324,-121.294563,
49.186455,-122.745453,
49.497246,-117.355156,
49.285873,-117.660934,
50.248940,-118.977539,
49.088242,-116.509071,
52.992081,-122.503845,
49.882313,-119.443207,
49.488365,-117.298164,
49.909107,-119.398087,
50.692631,-120.321930,
49.525234,-115.764839,
53.908318,-122.791763,
49.672771,-116.824860,
50.678234,-120.287292,
49.888088,-119.462715,
50.664349,-119.223045,
50.692608,-119.305939,
49.531963,-115.744751,
49.642567,-117.457085,
50.663467,-120.360092,
53.914074,-122.739059,
49.276714,-123.074547,
49.175453,-123.142281,
49.245098,-123.023811,
49.256229,-123.101227,
49.251129,-123.100998,
49.229294,-123.040077,
49.258602,-123.069839,
49.240372,-123.054489,
49.175846,-122.696098,
49.191940,-123.101654,
49.280170,-122.961281,
49.224941,-122.939354,
49.252151,-123.056572,
49.257774,-123.044411,
49.281189,-123.060974,
49.191986,-123.089531,
49.277176,-123.044106,
49.245918,-123.066864,
49.267475,-122.775406,
49.247337,-123.090019,
49.219696,-122.641106,
49.225887,-122.937576,
49.254803,-123.089966,
49.225182,-123.065742,
49.240356,-123.090240,
49.176979,-122.702827,
49.129318,-122.714172,
49.220444,-122.602272,
49.089478,-122.735054,
49.256287,-122.770721,
49.191990,-123.095245,
49.187275,-123.080330,
49.184650,-123.119316,
49.202339,-123.022324,
49.238213,-122.852501,
49.898239,-97.195335,
49.881447,-97.122528,
49.878220,-97.138390,
49.893269,-97.170013,
49.885258,-97.170372,
49.845901,-97.152931,
49.907375,-97.150742,
49.849556,-99.943825,
49.912613,-97.167206,
49.944912,-97.154930,
49.917610,-97.113045,
49.895088,-97.001892,
46.102726,-64.723320,
45.916294,-66.619316,
47.679253,-65.764641,
46.497467,-64.997673,
47.279995,-52.828098,
45.068344,-64.464340,
44.688118,-63.598534,
44.712872,-63.467312,
44.755432,-63.666943,
44.663277,-63.604687,
45.380470,-63.219479,
48.385700,-89.255325,
44.171886,-80.368813,
45.034328,-74.728905,
43.509304,-79.633522,
43.785351,-79.278091,
43.752159,-79.553246,
43.681381,-79.322876,
43.601227,-79.592735,
43.776020,-79.490524,
43.670235,-79.386757,
45.378521,-75.728333,
43.223579,-79.705040,
43.474590,-80.433037,
43.807220,-79.270409,
43.797230,-79.532784,
45.407654,-75.690994,
43.764603,-79.475311,
45.419178,-75.617714,
43.592258,-79.596581,
44.196426,-80.044609,
46.513893,-80.944153,
43.788822,-79.262733,
43.758938,-79.528801,
43.663795,-79.327927,
43.127052,-80.763794,
43.858356,-78.897705,
43.773769,-79.529594,
44.266960,-76.566643,
43.622650,-79.662758,
43.729805,-79.470497,
43.666138,-79.349411,
43.813969,-79.201271,
45.328720,-75.711121,
43.806637,-79.290771,
43.047958,-79.278610,
46.236126,-79.373970,
44.276642,-78.293274,
43.847427,-79.376572,
43.652588,-79.662781,
43.718525,-79.654327,
43.757572,-79.543709,
45.475361,-76.653137,
43.745831,-79.526176,
51.253777,-85.323212,
43.804001,-79.416115,
43.796715,-79.248993,
43.544868,-79.880859,
43.167610,-79.199486,
43.811775,-79.258476,
42.978806,-81.233124,
44.325081,-78.285889,
43.003750,-81.224983,
43.875595,-78.827522,
42.958271,-82.369316,
44.164635,-77.472321,
45.619015,-74.699142,
43.835045,-79.068657,
44.245770,-76.495453,
43.339119,-79.786560,
43.259121,-79.837349,
42.982391,-81.249046,
43.685482,-79.724014,
43.766800,-79.563988,
43.108555,-79.535736,
42.299889,-83.007050,
46.514481,-84.336739,
42.982109,-81.248856,
44.601604,-75.707520,
43.001823,-81.186203,
43.197403,-79.832848,
43.878029,-79.268417,
48.437298,-71.065224,
46.811043,-71.218048,
45.460922,-73.596924,
46.061745,-73.419930,
46.327057,-72.592125,
45.640228,-73.829178,
45.643742,-72.974922,
46.397442,-75.017906,
46.020187,-73.042992,
45.395424,-73.600670,
46.373375,-72.552513,
45.189148,-72.666817,
46.513222,-75.501991,
45.528004,-73.720413,
46.035194,-73.093086,
45.401398,-71.890129,
45.469856,-73.581848,
46.811043,-71.218048,
45.674728,-72.385742,
45.533852,-73.658958,
45.518208,-73.326141,
48.448841,-68.479240,
45.416790,-71.830147,
45.460876,-73.596909,
45.549404,-73.757423,
45.999340,-74.243858,
45.656429,-73.515770,
46.041805,-73.435875,
45.804745,-74.011971,
45.377823,-74.244728,
45.485394,-73.718903,
45.882271,-72.543861,
45.469856,-73.581848,
45.558807,-73.651482,
45.625389,-72.944809,
46.065331,-73.489319,
45.541145,-73.638458,
45.531479,-73.598244,
45.624077,-73.773132,
45.528011,-73.615356,
45.601128,-73.596725,
45.601715,-73.615982,
45.398159,-71.924294,
45.476593,-75.701271,
48.346519,-70.905838,
48.239895,-79.023125,
46.671589,-72.610069,
45.565338,-73.605042,
50.455139,-104.577515,
32.271660,-110.945641,
33.407360,-111.947868,
33.415092,-111.962532,
33.415092,-111.962532,
39.412525,-123.808990,
37.499924,-122.252113,
34.428539,-118.445374,
33.488144,-117.144440,
38.779949,-123.546112,
33.859310,-118.207275,
40.562981,-122.362244,
34.437534,-119.727547,
41.770973,-124.199821,
40.800964,-124.171036,
39.196262,-123.208092,
33.561085,-117.675957,
39.265713,-123.205887,
39.195843,-121.010658,
34.440548,-119.784325,
34.167885,-118.617348,
37.492710,-120.843773,
37.801174,-122.411133,
33.951817,-118.012772,
37.746475,-122.395493,
38.448524,-122.726555,
38.571144,-121.341682,
40.088085,-123.814217,
34.006268,-118.412445,
40.564350,-122.389725,
38.108028,-122.572632,
38.495159,-121.391167,
36.679203,-121.804565,
37.301830,-120.485191,
39.466484,-123.803627,
37.674690,-122.081337,
37.978615,-121.282234,
32.815189,-117.220612,
34.031265,-118.371605,
38.355198,-122.714012,
38.235043,-122.636246,
33.737820,-118.285751,
37.691757,-122.109161,
37.659634,-121.021202,
33.009758,-117.116158,
34.440510,-119.739906,
38.441406,-122.723671,
39.221745,-121.012009,
37.954914,-121.318169,
34.153030,-118.448715,
34.172180,-118.364029,
37.807270,-122.269447,
38.249229,-122.048729,
34.200558,-118.613953,
34.198238,-118.536469,
38.638885,-121.225510,
38.695942,-120.827827,
38.542435,-121.742310,
34.192215,-118.949883,
34.233444,-119.171410,
35.273232,-120.656143,
38.957790,-121.103165,
37.694351,-122.073067,
33.853287,-117.589493,
40.882221,-124.091476,
38.108028,-122.572632,
41.310909,-122.313576,
40.589424,-124.157265,
39.134048,-123.200905,
38.567635,-121.490051,
39.453838,-123.393494,
38.131767,-121.249306,
39.687809,-123.480385,
39.640896,-106.589355,
40.070446,-105.204483,
40.580200,-105.018028,
40.602692,-105.029343,
40.568340,-105.040619,
39.740166,-105.094177,
25.894224,-80.338234,
25.799259,-80.263527,
25.701805,-80.347893,
28.149460,-82.442780,
33.908997,-116.545372,
26.661575,-81.885002,
27.584902,-80.404495,
27.883759,-82.486504,
25.822552,-80.313866,
30.340300,-81.675064,
19.723124,-155.086456,
19.494766,-154.948669,
38.909351,-90.088692,
42.329189,-89.055901,
42.424908,-71.011040,
43.945698,-69.985054,
42.969746,-85.642960,
42.272636,-85.588928,
45.576542,-93.581612,
45.560539,-94.208549,
39.113098,-94.538490,
35.591846,-82.440529,
35.192856,-80.781219,
36.071007,-79.862541,
35.090794,-106.586327,
35.065811,-106.586388,
36.128654,-115.064621,
43.054150,-76.098915,
42.947655,-78.852364,
40.935211,-73.055191,
43.286114,-77.791489,
39.262798,-84.416367,
39.641705,-84.239967,
41.587769,-81.549583,
41.023754,-81.871941,
41.457657,-81.727318,
40.648891,-83.618156,
45.306236,-118.085991,
42.214638,-122.731354,
42.323059,-122.894814,
43.406616,-124.236740,
45.712292,-121.523903,
44.921101,-123.010399,
44.978153,-124.011017,
45.568775,-122.603256,
42.441559,-123.339317,
45.515797,-122.458374,
42.441940,-123.332352,
40.687092,-80.101341,
40.624527,-75.438431,
41.701488,-75.923096,
40.471024,-79.960045,
40.017433,-75.082726,
32.797340,-79.998634,
40.699795,-111.893135,
47.434547,-122.227470,
47.638088,-122.345177,
47.239597,-122.290924,
47.401947,-122.298294,
48.026100,-122.378845,
43.066761,-89.305229,
36.981361,-122.034927,
37.026386,-121.574135,
44.391319,-79.676880,
49.895088,-97.001892,
49.881447,-97.122528,
49.281582,-122.753586,
36.148819,-115.208931,
43.546886,-116.514900,
38.927288,-119.981827,
36.133106,-115.191063,
39.175869,-119.766304,
47.714966,-117.387955,
40.004223,-105.257484,
36.078579,-115.113495,
47.714333,-116.941216,
34.280197,-118.498077,
26.173613,-80.154747,
38.392967,-120.802437,
44.494770,-73.179253,
37.736820,-122.405296,
30.276632,-97.729500,
38.678623,-121.264145,
37.974937,-122.026459,
27.472492,-80.406075,
39.190411,-121.205399,
33.919220,-117.483932,
37.783092,-122.236198,
37.843071,-122.261520,
38.501858,-122.996109,
41.274441,-73.939186,
33.973850,-83.413628,
40.429035,-79.971191,
38.254921,-122.641731,
40.752392,-73.411171,
39.757900,-121.859413,
38.899303,-82.448349,
40.061199,-83.000229,
44.825108,-69.338867,
47.484516,-122.276642,
33.816666,-118.307632,
40.062027,-105.278076,
37.999084,-121.796005,
34.036678,-118.250984,
30.148455,-95.504250,
37.783092,-122.236198,
38.355156,-122.708755,
41.093872,-73.953178,
32.750336,-117.243896,
39.589867,-105.054497,
43.054150,-76.098915,
47.255539,-122.488548,
45.476566,-122.866821,
32.654411,-96.089180,
60.146400,-149.417999,
37.285618,-89.540329,
34.256954,-118.603645,
39.842842,-82.804619,
40.833492,-73.080177,
25.656572,-80.423859,
36.103912,-115.136208,
39.196262,-123.208092,
42.440445,-123.340019,
25.892124,-80.350105,
36.084953,-94.121689,
41.214146,-96.051353,
30.463966,-87.241394,
45.695824,-111.028114,
37.281708,-121.947472,
38.388290,-122.713684,
39.525719,-119.789192,
39.616604,-105.067429,
36.959652,-122.044228,
43.002987,-73.849899,
33.640068,-112.109688,
33.421303,-111.916969,
32.226543,-110.965584,
38.515606,-121.436455,
37.026386,-121.574135,
29.537737,-95.118050,
34.080372,-117.986366,
26.996313,-82.119301,
39.203571,-84.580650,
41.411461,-81.640755,
39.370293,-121.102776,
25.655840,-80.426254,
37.789227,-122.248711,
41.091602,-73.920868,
39.725563,-104.818604,
36.075481,-95.767700,
37.502563,-122.492950,
33.625938,-84.473938,
40.070446,-105.204483,
34.432045,-119.848412,
45.560753,-73.612785,
33.997101,-118.419968,
39.152721,-121.619743,
34.090775,-118.353256,
38.961254,-122.632828,
34.034565,-118.231422,
39.718487,-121.820084,
25.819782,-80.313492,
36.910233,-121.756897,
37.977188,-122.045494,
38.071953,-122.525963,
49.088238,-116.486832,
30.323143,-97.739769,
25.593807,-80.364517,
38.919537,-121.063431,
37.677322,-122.090202,
30.335726,-81.763306,
30.248266,-97.773079,
32.785931,-96.776062,
29.670994,-95.337326,
42.028702,-87.816444,
35.366455,-120.846565,
38.963703,-92.252190,
39.725563,-104.818604,
36.733749,-119.499077,
35.910255,-79.072296,
49.171856,-122.665276,
49.129318,-122.714172,
49.212524,-122.662018,
49.118210,-121.992271,
49.202492,-122.879524,
49.213486,-122.664558,
49.147484,-121.940430,
49.219704,-122.647888,
49.038361,-122.341522,
49.211872,-122.661293,
49.176617,-122.649490,
49.107929,-122.658081,
49.113232,-122.559242,
49.049282,-122.295448,
49.289490,-124.359291,
48.443253,-123.468704,
54.502583,-128.634613,
50.448460,-119.193916,
51.000484,-118.198135,
52.125309,-122.144432,
50.673176,-120.311539,
50.705280,-119.252678,
50.277802,-119.266754,
49.021603,-118.404480,
49.860931,-119.592804,
60.764732,-135.141876,
53.915302,-122.736542,
49.878139,-119.458191,
49.627804,-116.965607,
49.011551,-118.504150,
53.917114,-122.749718,
53.914074,-122.739059,
50.666939,-120.353516,
49.618126,-116.950302,
49.179268,-122.676674,
49.221371,-122.981667,
49.281090,-123.018036,
50.281986,-119.270538,
33.864193,-117.801254,
54.515694,-128.575867,
39.184242,-120.111984,
33.775726,-117.992928,
43.345692,-124.206802,
47.653881,-122.343025,
44.047192,-123.134361,
45.519615,-122.865433,
42.323059,-122.894814,
47.151039,-122.358009,
42.422806,-123.315643,
45.486439,-122.772690,
47.447487,-122.203362,
27.584902,-80.404495,
38.162682,-121.606529,
39.221878,-121.031929,
39.812176,-105.034294,
34.119476,-118.258614,
33.633015,-117.934006,
39.491283,-119.798698,
39.771458,-89.686897,
34.145969,-118.124138,
37.698643,-122.175987,
40.801731,-124.173630,
38.604225,-122.862221,
36.705006,-80.071205,
37.691284,-121.804642,
34.418423,-119.721069,
38.022301,-84.453117,
34.135052,-118.361732,
50.660564,-120.361595,
25.699633,-80.366135,
25.647200,-80.388535,
28.043327,-82.460442,
39.949425,-82.017502,
28.043842,-82.513252,
25.892124,-80.350105,
27.894695,-82.748802,
43.901871,-70.429214,
45.511799,-122.615402,
64.820213,-147.731079,
32.254650,-110.944702,
37.242420,-76.664375,
48.779354,-122.507477,
47.459572,-122.353142,
41.039253,-81.526527,
30.335726,-81.763306,
41.433357,-81.800308,
39.148865,-121.582008,
39.795406,-123.247543,
33.803291,-84.434265,
33.947464,-83.396095,
37.868633,-122.295883,
38.248444,-122.695068,
37.922146,-121.685097,
37.663429,-120.994827,
40.118793,-123.821510,
20.899738,-156.260513,
38.101189,-122.255135,
61.221371,-149.780075,
37.953377,-122.497551,
37.745998,-122.506325,
39.107426,-94.582428,
36.330811,-119.292328,
42.928703,-78.754158,
40.104137,-123.889297,
37.085644,-122.089317,
33.182323,-117.368210,
38.231468,-122.590508,
38.355156,-122.708755,
39.885960,-75.308693,
40.623581,-74.024727,
33.879189,-117.589516,
39.187454,-94.900185,
36.330227,-119.292061,
35.354431,-119.030258,
39.122726,-122.842186,
36.778259,-119.417931,
38.202358,-85.574951,
39.399723,-123.359688,
38.909641,-123.692917,
34.580166,-118.080185,
40.769005,-124.192894,
34.208954,-77.849693,
38.924839,-105.214233,
39.826244,-104.986694,
37.775032,-122.419472,
37.788158,-122.230225,
25.535223,-80.478035,
38.448524,-122.726555,
43.198181,-77.588333,
37.742844,-122.476410,
40.324879,-123.924683,
34.108925,-118.287399,
39.625900,-105.024788,
37.638489,-120.967323,
36.330811,-119.292328,
37.771214,-122.424759,
49.038223,-122.273766,
49.054283,-122.346947,
43.773769,-79.529594,
43.819000,-79.302299,
45.867355,-66.538841,
43.761707,-79.477348,
47.769276,-65.714569,
45.376816,-75.749954,
43.684814,-79.347046,
43.701359,-79.510902,
48.347240,-70.905098,
45.485535,-73.718864,
47.318970,-68.439278,
45.451241,-73.644890,
45.594940,-73.743469,
45.624641,-73.653465,
45.518101,-73.578224,
45.563545,-73.904060,
46.381218,-75.983299,
45.352100,-72.515633,
46.097713,-64.806442,
,
41.595451,-88.115440,
36.984970,-121.966148,
37.051678,-122.069427,
40.057842,-83.000618,
40.057842,-83.000618,
32.836227,-117.022583,
45.562504,-122.689743,
41.793961,-71.478546,
49.526207,-115.766975,
39.311352,-76.466766,
45.408031,-71.872665,
35.221031,-80.815536,
41.206730,-81.441086,
46.876209,-96.743919,
33.867790,-118.239014,
33.041172,-96.982658,
34.147476,-118.068520,
43.071678,-77.645126,
32.934544,-96.834946,
39.876175,-75.125160,
39.149544,-121.584564,
39.149544,-121.584564,
41.207577,-96.079498,
43.164631,-77.653603,
50.692608,-119.305939,
45.487137,-75.650871,
48.778717,-123.698761,
48.778717,-123.698761,
48.458233,-123.348465,
46.554279,-75.495361,
49.129318,-122.714172,
50.700642,-119.285461,
46.967815,-65.633842,
43.009663,-81.340775,
45.480274,-73.558739,
48.104210,-77.799835,
34.235207,-118.473846,
40.866695,-74.291306,
44.946518,-93.343925,
41.286388,-72.415291,
45.555000,-122.571594,
45.526215,-122.589447,
31.743748,-106.320557,
39.721642,-121.826012,
37.240574,-93.271698,
37.753788,-89.044899,
36.759968,-119.833290,
33.629135,-117.294518,
45.701607,-121.523613,
46.465626,-64.737053,
44.550190,-123.314148,
43.782089,-79.276756,
45.328720,-75.711121,
43.626019,-79.660919,
45.492657,-76.685356,
42.975945,-81.226074,
35.118820,-106.586304,
46.376934,-72.554573,
45.528366,-73.556976,
45.611530,-73.411766,
45.378967,-71.974380,
45.553535,-73.532379,
40.014820,-105.206612,
32.731567,-97.440285,
29.857491,-95.564842,
39.826244,-104.986694,
61.569977,-149.673508,
29.729107,-95.529671,
29.819613,-95.448395,
38.874054,-104.809494,
39.720181,-104.987457,
38.896637,-104.836372,
29.492586,-98.569862,
39.678009,-104.937080,
20.892939,-156.320511,
38.963703,-92.252190,
38.972771,-82.465576,
49.276325,-123.069519,
39.912247,-105.003143,
39.783997,-89.605820,
44.254002,-88.465988,
35.486671,-97.583382,
39.985336,-105.101822,
29.793591,-95.554398,
37.297665,-107.871658,
32.370281,-95.332504,
38.645142,-90.192986,
47.700474,-116.767029,
43.610012,-116.243431,
39.791016,-104.987518,
40.522915,-122.322197,
39.154007,-123.205650,
35.032021,-85.303497,
47.464294,-122.343246,
39.197598,-121.178444,
38.778530,-77.184372,
43.527721,-79.696335,
48.385799,-89.240143,
43.174320,-79.210075,
42.922169,-81.260010,
42.313446,-83.036354,
43.699196,-79.571442,
43.591671,-79.810432,
43.736385,-79.241020,
45.416679,-71.830254,
45.568092,-73.911751,
45.766994,-73.977844,
46.117535,-70.665627,
45.267826,-72.143677,
45.118591,-73.987129,
45.597755,-73.788551,
45.890430,-73.757469,
46.020187,-73.042992,
45.535477,-73.644981,
48.104210,-77.799835,
44.688610,-63.535141,
44.682014,-63.538696,
37.709396,-121.926331,
46.203835,-123.505013,
33.890751,-117.499489,
39.108654,-76.835075,
33.538536,-112.113861,
41.889187,-71.340279,
42.210598,-72.627777,
43.097404,-72.455399,
41.911545,-72.613350,
47.043110,-122.861885,
36.680016,-121.642464,
37.385517,-122.054611,
37.304417,-121.932045,
39.083553,-84.509102,
42.202969,-121.749321,
34.271145,-118.731461,
38.270741,-104.607285,
34.470333,-117.282593,
37.646355,-122.124641,
38.569817,-121.482231,
37.935333,-122.341354,
36.276764,-119.313271,
36.325584,-119.210304,
37.090240,-95.712891,
38.259930,-122.275131,
39.857719,-82.818230,
39.196938,-121.178757,
45.209999,-123.192757,
34.184963,-119.160645,
39.699799,-86.145325,
40.584232,-74.292831,
39.710327,-105.063049,
38.841740,-104.701538,
33.229805,-117.226768,
42.672577,-83.338821,
41.207577,-96.079498,
36.799072,-119.696701,
39.119522,-121.615799,
37.255524,-107.080826,
42.281845,-83.375893,
27.464863,-82.458832,
36.834866,-119.790115,
37.975220,-122.354095,
38.294502,-122.477936,
38.920135,-119.993919,
38.016953,-122.534653,
37.353481,-121.903397,
36.326969,-119.621849,
37.513756,-122.262817,
38.668495,-121.527695,
38.387417,-122.711624,
38.163059,-121.151031,
38.902893,-120.012604,
42.422405,-123.354340,
37.995800,-122.076477,
47.714966,-117.387955,
42.517376,-123.420105,
42.447273,-122.835022,
41.880089,-124.134682,
43.345676,-124.198586,
42.174221,-122.661201,
47.518917,-122.356956,
38.985138,-121.102295,
40.570969,-122.340942,
42.228142,-121.777962,
40.879467,-124.082176,
44.088482,-121.286186,
40.185692,-122.190552,
46.971214,-123.827057,
39.036453,-122.924675,
37.724617,-122.195908,
40.085773,-123.814018,
38.375393,-122.792336,
38.331905,-122.710518,
38.976589,-123.114746,
39.150726,-123.203087,
38.501858,-122.996109,
40.940163,-123.629372,
38.836533,-121.166496,
38.254921,-122.641731,
39.781677,-123.248222,
46.212067,-119.168648,
43.406616,-124.236740,
38.441406,-122.723671,
47.620998,-122.169739,
45.441620,-122.748016,
45.983215,-123.925842,
40.512981,-123.179459,
39.448517,-123.804123,
39.086559,-119.773308,
40.104137,-123.889297,
40.866894,-124.088753,
40.119282,-123.799843,
40.900005,-124.016449,
40.794704,-124.175201,
40.577950,-122.386620,
38.825123,-123.016273,
39.134048,-123.200905,
38.410011,-122.840034,
47.638088,-122.345177,
39.504311,-121.558952,
42.326515,-122.875595,
47.807709,-122.326515,
47.370113,-122.229950,
45.407761,-122.625519,
45.668949,-122.663902,
45.476566,-122.866821,
45.610397,-122.675697,
39.397430,-121.109680,
47.567589,-122.647980,
42.324085,-122.934174,
47.151039,-122.358009,
47.162697,-122.030884,
40.177876,-123.433044,
32.782284,-117.206459,
37.515827,-121.978523,
42.423183,-122.624306,
40.599033,-124.165604,
40.802029,-124.173035,
41.767025,-124.193680,
40.939510,-124.103264,
40.548374,-122.387268,
39.732647,-121.841431,
45.457802,-122.886169,
47.043110,-122.861885,
47.677261,-117.336769,
46.870903,-117.363106,
42.319214,-122.863869,
45.342030,-118.090782,
40.266472,-123.873825,
45.572498,-122.681732,
47.448933,-122.282913,
38.477264,-122.736053,
42.051182,-124.279770,
39.781677,-123.248222,
47.657455,-117.339500,
45.534302,-122.896927,
47.464294,-122.343246,
40.554310,-123.183083,
40.120468,-123.800285,
42.226479,-123.269173,
39.718487,-121.820084,
40.450462,-122.302200,
38.473591,-122.891022,
45.471283,-122.579056,
43.064945,-124.140701,
38.611076,-122.874649,
39.164482,-122.910553,
40.120724,-123.797089,
38.333881,-122.711884,
39.149544,-121.584564,
45.433048,-122.371841,
45.504829,-122.636261,
34.155586,-118.475456,
38.908337,-121.074928,
35.260323,-120.649925,
37.995800,-122.076477,
37.605846,-122.070656,
26.467157,-80.125534,
38.555252,-121.429962,
51.052399,-113.994141,
51.022812,-113.958412,
53.267513,-110.005524,
51.083542,-113.994797,
51.099434,-114.048225,
53.479485,-113.504128,
51.100964,-113.967232,
49.878815,-97.214058,
51.148926,-100.050957,
49.965633,-97.145767,
49.910927,-97.132736,
53.457642,-113.513023,
53.267513,-110.005524,
35.154137,-106.602509,
34.106544,-117.821411,
33.796329,-118.118118,
37.252598,-76.731125,
39.798737,-75.097641,
34.186623,-118.412666,
41.919853,-71.777306,
33.753262,-117.011192,
43.919312,-80.096794,
43.755604,-79.274155,
45.342896,-75.707169,
43.776485,-79.488914,
42.816792,-81.552261,
44.181538,-78.066673,
43.681423,-79.590263,
45.037342,-74.766029,
43.668415,-79.385994,
37.733940,-122.196220,
40.484161,-88.949661,
42.787579,-85.505417,
36.334801,-94.154900,
32.763287,-97.356064,
38.447540,-105.196434,
40.437679,-105.343544,
40.377483,-104.710419,
42.529545,-83.783409,
41.780632,-86.772209,
39.652824,-105.011314,
37.294861,-107.874352,
38.461121,-107.866257,
42.329350,-83.184006,
39.810448,-105.018417,
40.435165,-105.077293,
29.733217,-95.603516,
32.659546,-97.403542,
40.409191,-105.073433,
40.224609,-105.265442,
42.248024,-84.442383,
35.662132,-105.963364,
39.282722,-106.061829,
36.456944,-105.610962,
40.152386,-105.121468,
38.848003,-104.844444,
37.846924,-122.280937,
38.507889,-121.471169,
37.897491,-122.070412,
36.989384,-120.074203,
38.002270,-122.051926,
38.611568,-121.421227,
36.963112,-119.794769,
37.987564,-120.282425,
38.554958,-121.427635,
38.651333,-121.489906,
37.786037,-122.418755,
20.920309,-156.308060,
37.850040,-122.275764,
36.301483,-119.786942,
37.595787,-122.032539,
38.644833,-121.364677,
39.302197,-120.205109,
39.657810,-105.081451,
40.685341,-74.000519,
45.410378,-122.554855,
45.622269,-122.505173,
45.519070,-122.436333,
39.693527,-104.979584,
47.344791,-122.229965,
47.682156,-117.278969,
47.774166,-122.340767,
47.311275,-122.315445,
45.925823,-122.752686,
46.135067,-122.935120,
48.241295,-122.442787,
46.089912,-122.935455,
45.499226,-122.901077,
47.482632,-122.297325,
45.504829,-122.636261,
45.666752,-122.472153,
44.373173,-72.726059,
30.489880,-84.238708,
41.179321,-85.085060,
34.248821,-119.226280,
34.448753,-119.235626,
34.031326,-118.257965,
34.019234,-117.865288,
34.191982,-118.536507,
34.063686,-117.674614,
34.059238,-118.064896,
33.936604,-118.369926,
33.889587,-117.564178,
33.714508,-117.869728,
33.707603,-117.863426,
34.179153,-118.858826,
34.048470,-117.812447,
34.298962,-118.458961,
33.994495,-118.163872,
33.722927,-117.954697,
34.056938,-117.937454,
33.919220,-117.483932,
34.009865,-117.864571,
34.418423,-119.721069,
34.147938,-118.781456,
34.091496,-118.381966,
34.105194,-117.690216,
34.278206,-118.435738,
34.102909,-117.813828,
34.286541,-118.510170,
34.046135,-118.376808,
33.694057,-117.860138,
33.872772,-118.371742,
33.823177,-117.857277,
33.983707,-118.054863,
32.814735,-116.979134,
33.996651,-118.458145,
34.135052,-118.361732,
33.802547,-118.302498,
34.499153,-117.186073,
34.101967,-118.300949,
34.428539,-118.445374,
34.140369,-118.376396,
33.785793,-118.264359,
34.075008,-118.171059,
32.781174,-117.091949,
34.055035,-117.731705,
33.832748,-117.847572,
33.996651,-118.458145,
34.428242,-119.716354,
34.186623,-118.412666,
33.815773,-116.495628,
34.201115,-118.598145,
33.823116,-118.384964,
34.198238,-118.536469,
32.860233,-116.940155,
32.765732,-117.199997,
33.153198,-117.162216,
33.858955,-118.294983,
33.605736,-117.804970,
34.758026,-119.050598,
33.753815,-116.893661,
34.102760,-118.097366,
34.432045,-119.848412,
34.259380,-118.313667,
34.099689,-118.002274,
34.164871,-118.458046,
34.093033,-117.877403,
34.172752,-118.556580,
34.235207,-118.473846,
34.129761,-118.029411,
44.049236,-121.331848,
48.026100,-122.378845,
46.169476,-123.588440,
47.935776,-122.199730,
47.682156,-117.278969,
39.769371,-105.083076,
42.323059,-122.894814,
44.041439,-122.882797,
39.123226,-122.848328,
38.891098,-122.693924,
39.080265,-123.460777,
38.386765,-122.877075,
42.284492,-123.614136,
44.952862,-122.983727,
45.356129,-122.604546,
39.399723,-123.359688,
45.516136,-122.457161,
46.203835,-123.505013,
38.394928,-122.819138,
43.206837,-123.347595,
47.243084,-122.360703,
39.195843,-121.010658,
48.173927,-114.296974,
39.618805,-104.811096,
42.194820,-88.290596,
29.701223,-95.653069,
30.220306,-97.764107,
32.698746,-97.123276,
39.064106,-108.565018,
45.653835,-110.571320,
44.967045,-93.196838,
42.253864,-84.435936,
40.531296,-105.076202,
40.178761,-105.116570,
38.810291,-104.823906,
39.944538,-104.992928,
39.383190,-104.863953,
40.421127,-104.689064,
39.744003,-105.110069,
39.960754,-105.508041,
42.028702,-87.816444,
42.279613,-83.750175,
45.683460,-111.050499,
39.931408,-105.496803,
43.017597,-83.663918,
43.638969,-83.926949,
42.985950,-85.708923,
39.802635,-104.959290,
41.631748,-93.614227,
39.916519,-105.787674,
32.803387,-96.840652,
42.451775,-83.259018,
42.471840,-83.283882,
39.666649,-104.916748,
45.674255,-111.184616,
40.004375,-105.256180,
40.842552,-96.676514,
35.612823,-88.838097,
38.827389,-104.840736,
29.492586,-98.569862,
35.187550,-89.836021,
40.181717,-105.103638,
42.469536,-82.906769,
46.875626,-113.992996,
40.563618,-105.077110,
42.228397,-83.719505,
39.462418,-107.261414,
39.842129,-105.024765,
39.576298,-106.095207,
42.330254,-83.087715,
40.062382,-105.278458,
39.828510,-104.911652,
36.140587,-95.943481,
39.637409,-104.987732,
40.806965,-73.927139,
41.179321,-85.085060,
35.656158,-105.998413,
35.260468,-120.669075,
39.991310,-77.090401,
42.432835,-123.168747,
39.512722,-121.555176,
42.247387,-83.270035,
47.682678,-117.411148,
48.437080,-122.286919,
47.657269,-117.374207,
45.518688,-122.568878,
47.045238,-122.899200,
39.739033,-104.916855,
39.800407,-104.984451,
39.917953,-75.136902,
39.917969,-105.052971,
38.524773,-105.998451,
39.608795,-105.117233,
39.973743,-104.827637,
43.032310,-83.627930,
39.771019,-105.017082,
39.645802,-106.593521,
47.245342,-88.453758,
38.811821,-104.822433,
39.679363,-104.810081,
39.500996,-105.326546,
39.987923,-104.821014,
